                  epoch,         train/box_loss,         train/seg_loss,         train/cls_loss,         train/dfl_loss,   metrics/precision(B),      metrics/recall(B),       metrics/mAP50(B),    metrics/mAP50-95(B),   metrics/precision(M),      metrics/recall(M),       metrics/mAP50(M),    metrics/mAP50-95(M),           val/box_loss,           val/seg_loss,           val/cls_loss,           val/dfl_loss,                 lr/pg0,                 lr/pg1,                 lr/pg2
                      1,                0.94264,                 1.8093,                0.73841,                 1.0593,                0.54121,                0.42811,                0.41371,                0.21438,                0.50899,                0.40654,                0.36675,                0.16678,                  1.872,                 3.8115,                 2.2278,                 2.0766,             0.00054142,             0.00054142,             0.00054142
                      2,                0.96877,                 1.8249,                0.75444,                 1.0665,                0.45415,                0.38776,                0.34522,                0.17968,                 0.4152,                0.36735,                0.32101,                0.14357,                 1.9648,                  3.912,                 2.5991,                 2.1876,              0.0010917,              0.0010917,              0.0010917
                      3,                 1.0536,                 1.9521,                0.84169,                 1.1029,                 0.4651,                0.38265,                0.34089,                 0.1719,                0.50391,                0.36179,                  0.335,                0.13583,                 2.0946,                 3.9092,                 2.2372,                 2.1609,              0.0016364,              0.0016364,              0.0016364
                      4,                 1.1043,                 2.0447,                0.90696,                 1.1405,                0.46024,                0.29974,                 0.2809,                 0.1223,                 0.4184,                0.27344,                 0.2393,                0.10213,                 2.2855,                 4.5266,                 2.6109,                 2.4601,              0.0016422,              0.0016422,              0.0016422
                      5,                  1.155,                 2.1296,                0.96641,                  1.168,                0.50004,                0.30833,                0.31191,                0.14832,                0.47275,                0.29696,                0.27518,                0.12573,                 2.1743,                 3.8559,                  2.299,                 2.3037,               0.001634,               0.001634,               0.001634
                      6,                 1.1375,                 2.0944,                0.95366,                 1.1549,                0.50747,                0.33442,                0.35978,                 0.1813,                0.50244,                0.32873,                0.33618,                0.14938,                 2.0769,                 3.7222,                 2.1976,                  2.213,              0.0016257,              0.0016257,              0.0016257
                      7,                 1.1194,                 2.0737,                0.92023,                 1.1471,                0.47008,                 0.4011,                0.36795,                0.18004,                0.39633,                0.37929,                0.30731,                  0.133,                 2.0291,                 4.0034,                 2.2163,                 2.2005,              0.0016175,              0.0016175,              0.0016175
                      8,                 1.1171,                 2.0901,                 0.9159,                  1.143,                0.55356,                0.36994,                0.35528,                0.17559,                0.50907,                0.36793,                0.32821,                0.14293,                 2.0158,                 3.9606,                 2.3041,                 2.2174,              0.0016092,              0.0016092,              0.0016092
                      9,                 1.1254,                 2.0651,                 0.9334,                 1.1542,                 0.4415,                0.36675,                0.34266,                 0.1787,                0.40931,                0.33271,                0.30957,                0.13708,                 2.0326,                 3.8805,                 2.2145,                  2.218,               0.001601,               0.001601,               0.001601
                     10,                  1.082,                  2.002,                0.87086,                 1.1281,                0.46609,                0.42811,                0.37362,                0.17043,                0.40397,                0.39123,                0.31196,                 0.1309,                 2.0037,                 4.0986,                 2.1726,                 2.1706,              0.0015927,              0.0015927,              0.0015927
                     11,                 1.1281,                 2.0711,                0.92063,                 1.1465,                0.43711,                0.26739,                0.26695,                0.12608,                0.39147,                0.24134,                0.22244,                0.09882,                 2.0752,                 3.8061,                  2.607,                 2.2347,              0.0015845,              0.0015845,              0.0015845
                     12,                 1.1347,                 2.0728,                0.93438,                 1.1533,                0.44424,                0.36503,                0.33444,                0.14549,                0.41767,                0.34346,                0.29565,                0.11897,                 2.1116,                  4.075,                 2.1987,                 2.2026,              0.0015762,              0.0015762,              0.0015762
                     13,                 1.1379,                 2.0862,                 0.9411,                 1.1475,                0.52133,                0.37419,                0.37441,                0.17297,                0.46799,                0.34752,                0.31867,                0.14013,                 1.9952,                 3.7999,                  2.136,                 2.0616,               0.001568,               0.001568,               0.001568
                     14,                 1.1316,                 2.0742,                0.93412,                 1.1471,                0.51149,                0.39912,                0.40223,                0.20228,                0.52372,                0.34462,                0.33905,                0.14783,                 1.9791,                 3.7136,                  2.045,                 2.1759,              0.0015597,              0.0015597,              0.0015597
                     15,                 1.1061,                 2.0306,                0.88928,                 1.1326,                0.44593,                0.25765,                0.26736,                0.11257,                 0.4391,                0.25881,                0.24952,                 0.0925,                 2.3037,                 4.2079,                 2.9808,                  2.345,              0.0015515,              0.0015515,              0.0015515
                     16,                 1.1224,                 2.0653,                0.92448,                 1.1449,                0.57405,                0.32757,                0.35574,                0.16691,                0.49629,                0.32305,                0.30571,                0.14287,                 1.9867,                  3.623,                  2.374,                 2.1779,              0.0015432,              0.0015432,              0.0015432
                     17,                 1.0744,                 2.0075,                0.87902,                 1.1274,                0.47043,                0.47358,                0.40079,                0.17882,                0.43853,                0.44207,                0.34009,                0.14128,                 1.9327,                 3.5572,                 2.1096,                 2.0558,               0.001535,               0.001535,               0.001535
                     18,                 1.1128,                 2.0748,                0.89897,                 1.1353,                 0.4299,                0.42579,                0.35947,                0.18307,                0.40491,                0.39912,                 0.3229,                0.13887,                 1.9894,                 3.8347,                 2.2958,                 2.1699,              0.0015267,              0.0015267,              0.0015267
                     19,                 1.1128,                 2.0445,                0.90287,                 1.1372,                0.46099,                0.45522,                0.37869,                0.19211,                 0.4448,                0.43815,                0.35028,                 0.1513,                 1.9043,                 3.6445,                 2.0867,                 2.0842,              0.0015185,              0.0015185,              0.0015185
                     20,                 1.0698,                 1.9974,                 0.8525,                  1.115,                0.54538,                0.35935,                0.37239,                0.17253,                0.48968,                0.32844,                0.30806,                0.12914,                 2.0953,                  3.937,                 2.2232,                 2.2602,              0.0015102,              0.0015102,              0.0015102
                     21,                 1.1064,                 2.0408,                0.88424,                 1.1354,                0.48503,                0.44271,                0.37814,                0.18896,                0.45643,                0.42546,                0.34061,                0.15253,                 2.0128,                 3.6538,                  2.226,                 2.1287,               0.001502,               0.001502,               0.001502
                     22,                  1.098,                 2.0061,                0.88433,                 1.1283,                0.50338,                0.30427,                0.32786,                0.15768,                 0.4566,                0.27716,                0.28927,                0.11963,                 2.0479,                 3.8288,                 2.3705,                 2.1658,              0.0014937,              0.0014937,              0.0014937
                     23,                  1.078,                   1.99,                0.86169,                 1.1228,                0.43627,                0.37162,                 0.3312,                 0.1621,                0.40952,                0.36109,                0.28266,                0.12412,                 2.0546,                 3.8164,                  2.393,                 2.2072,              0.0014855,              0.0014855,              0.0014855
                     24,                 1.0936,                 2.0274,                0.88774,                 1.1253,                0.44514,                0.42069,                0.35414,                0.15905,                0.40229,                0.38381,                0.30063,                0.11992,                 2.1246,                   3.98,                 2.1803,                 2.1802,              0.0014772,              0.0014772,              0.0014772
                     25,                 1.1101,                 2.0344,                0.89671,                 1.1351,                0.49677,                0.38149,                0.35613,                0.15804,                0.46709,                0.34162,                0.29891,                 0.1326,                  2.032,                 3.6927,                 2.3508,                 2.1222,               0.001469,               0.001469,               0.001469
                     26,                 1.0997,                 2.0285,                0.88359,                 1.1344,                0.48029,                0.40364,                0.37135,                0.17098,                0.47259,                0.38284,                0.34832,                0.13651,                  1.963,                 4.0105,                 2.2962,                 2.1088,              0.0014607,              0.0014607,              0.0014607
                     27,                 1.1213,                 2.0532,                0.90571,                 1.1365,                0.51774,                0.36932,                0.34288,                0.15259,                0.49101,                0.35647,                0.30897,                0.12311,                 2.1487,                 3.8653,                 2.2173,                 2.2452,              0.0014525,              0.0014525,              0.0014525
                     28,                 1.0835,                 2.0115,                0.88255,                  1.134,                 0.5382,                0.34926,                0.32554,                0.15831,                0.46959,                0.36514,                0.30564,                0.12584,                  2.043,                 4.0541,                 2.4792,                 2.2446,              0.0014442,              0.0014442,              0.0014442
                     29,                 1.0881,                 1.9912,                0.86851,                 1.1201,                0.41903,                0.44914,                0.38084,                0.19179,                0.51524,                0.34636,                0.33793,                0.14925,                 1.9725,                 4.1192,                 2.0641,                 2.1098,               0.001436,               0.001436,               0.001436
                     30,                 1.0762,                 1.9734,                0.84973,                 1.1116,                0.58291,                0.39181,                0.38225,                 0.1924,                0.52651,                0.35888,                0.32801,                0.14318,                 1.9784,                 3.7591,                 2.2662,                 2.1655,              0.0014277,              0.0014277,              0.0014277
                     31,                 1.0627,                 1.9324,                0.83712,                 1.1062,                0.51834,                0.32592,                0.30745,                0.15392,                0.37788,                0.37603,                0.26765,                0.11509,                 2.0218,                 3.8238,                  2.436,                 2.0842,              0.0014195,              0.0014195,              0.0014195
                     32,                 1.0788,                 2.0091,                0.86736,                 1.1232,                0.47825,                0.42508,                0.39386,                0.17775,                0.55831,                0.34595,                 0.3522,                0.14648,                 2.0652,                 3.7294,                 2.1301,                 2.2647,              0.0014112,              0.0014112,              0.0014112
                     33,                 1.0978,                 2.0228,                 0.8626,                 1.1282,                0.50515,                0.36561,                0.34549,                0.16486,                0.47147,                0.33836,                 0.3014,                0.13151,                 1.9778,                 3.7149,                 2.1841,                 2.1406,              0.0014029,              0.0014029,              0.0014029
                     34,                 1.0807,                 1.9827,                0.85723,                 1.1204,                0.58429,                0.36109,                0.36601,                0.17668,                0.46995,                0.34089,                0.30633,                0.12941,                 2.0144,                 3.8713,                 2.2056,                 2.1567,              0.0013947,              0.0013947,              0.0013947
                     35,                 1.0572,                 1.9708,                 0.8391,                 1.1069,                0.51215,                0.40364,                 0.3966,                0.19568,                0.45813,                0.35993,                0.32398,                0.15469,                 2.0426,                 3.7247,                 2.1606,                 2.1942,              0.0013864,              0.0013864,              0.0013864
                     36,                 1.0688,                 1.9804,                 0.8364,                 1.1059,                 0.5237,                0.41385,                0.38757,                0.18636,                 0.4855,                0.34914,                0.32049,                0.13883,                 2.0114,                  4.043,                 2.0119,                 2.2045,              0.0013782,              0.0013782,              0.0013782
                     37,                 1.0677,                 1.9842,                0.86703,                 1.1179,                0.50919,                0.39415,                0.38938,                 0.1798,                0.49208,                0.38437,                 0.3476,                0.13655,                 2.0126,                 3.9249,                 2.2366,                 2.1198,              0.0013699,              0.0013699,              0.0013699
                     38,                 1.0495,                 1.9443,                0.84193,                 1.1082,                0.42309,                0.42753,                  0.351,                0.16478,                0.48738,                0.30264,                0.28105,                0.12607,                  2.084,                 4.2161,                 2.1801,                 2.2672,              0.0013617,              0.0013617,              0.0013617
                     39,                 1.0727,                 1.9901,                0.84978,                 1.1148,                0.54564,                0.31496,                0.34268,                0.17406,                0.45576,                0.31053,                0.29418,                0.12704,                 2.0383,                   4.03,                 2.5193,                 2.1507,              0.0013534,              0.0013534,              0.0013534
                     40,                 1.0604,                  1.967,                0.83612,                 1.1117,                0.60562,                0.34404,                0.33548,                0.17306,                0.53825,                0.30775,                 0.2871,                0.13296,                 1.9299,                 3.9104,                 2.3154,                 2.0988,              0.0013452,              0.0013452,              0.0013452
                     41,                 1.0163,                 1.8893,                0.77946,                 1.0861,                0.48321,                 0.4179,                0.36583,                0.19864,                0.52628,                0.36514,                0.35094,                0.14895,                 1.9547,                 4.0243,                 2.2028,                 2.1163,              0.0013369,              0.0013369,              0.0013369
                     42,                 1.0128,                 1.9032,                 0.7906,                  1.089,                0.42844,                0.45478,                0.36995,                0.18193,                0.40184,                0.43215,                0.32122,                0.14209,                 1.9913,                 4.0959,                 2.2211,                 2.1879,              0.0013287,              0.0013287,              0.0013287
                     43,                 1.0106,                 1.8737,                0.78906,                  1.084,                0.51138,                0.47403,                0.40717,                0.20639,                0.49888,                0.42069,                0.36492,                0.16171,                 1.9611,                 4.0365,                 2.0781,                 2.1532,              0.0013204,              0.0013204,              0.0013204
                     44,                  1.033,                 1.9136,                0.80415,                 1.0956,                0.58773,                0.37975,                0.36438,                0.16745,                0.48498,                0.38391,                0.32982,                0.13844,                 2.0772,                 3.9974,                 2.1313,                 2.3298,              0.0013122,              0.0013122,              0.0013122
                     45,                  1.033,                 1.9297,                  0.818,                 1.0974,                0.48275,                0.42011,                0.37589,                0.18436,                 0.4383,                0.41048,                0.34327,                0.14622,                 1.9245,                 3.9319,                 2.3455,                 2.0717,              0.0013039,              0.0013039,              0.0013039
                     46,                   1.02,                 1.9082,                0.79809,                 1.0907,                0.42929,                0.43147,                 0.3869,                0.18703,                 0.3958,                0.42695,                0.33309,                0.14754,                 1.9869,                  3.953,                  2.174,                  2.152,              0.0012957,              0.0012957,              0.0012957
                     47,                0.98557,                  1.834,                0.76039,                 1.0759,                0.55142,                0.42933,                0.40243,                 0.2052,                0.50939,                0.40202,                0.35234,                0.15776,                 1.9559,                 3.7969,                 2.1021,                 2.1597,              0.0012874,              0.0012874,              0.0012874
                     48,                 1.0199,                 1.8994,                   0.79,                 1.0811,                0.43957,                0.40325,                0.35837,                0.18123,                0.42467,                0.37798,                0.32888,                0.13674,                  1.978,                  3.632,                 2.2798,                 2.1681,              0.0012792,              0.0012792,              0.0012792
                     49,                  1.019,                  1.873,                 0.7857,                 1.0865,                0.40032,                 0.4593,                0.37794,                0.19229,                0.45687,                0.37813,                0.33541,                 0.1547,                 1.9634,                 3.6909,                 2.2147,                 2.1285,              0.0012709,              0.0012709,              0.0012709
                     50,                 1.0038,                  1.868,                 0.7832,                 1.0797,                0.47245,                0.43599,                0.38593,                0.18797,                0.45662,                0.42127,                0.35589,                0.15654,                 1.9821,                 3.8021,                 2.1953,                 2.1563,              0.0012627,              0.0012627,              0.0012627
                     51,                 1.0274,                 1.9197,                0.79809,                 1.0881,                0.51676,                0.35074,                0.37029,                0.17547,                0.45646,                0.34147,                 0.3216,                0.13729,                 2.0652,                 3.8025,                 2.2046,                 2.2279,              0.0012544,              0.0012544,              0.0012544
                     52,                0.99254,                 1.8389,                0.75818,                 1.0713,                0.47112,                 0.4513,                0.38272,                0.19504,                0.42712,                  0.415,                0.33809,                0.15195,                 1.9097,                  3.953,                 2.1896,                 2.1467,              0.0012462,              0.0012462,              0.0012462
                     53,                 1.0075,                 1.8583,                0.77626,                 1.0851,                0.53351,                0.38776,                0.36549,                0.19084,                0.50164,                0.36224,                0.32151,                0.14328,                 1.9408,                 4.0006,                 2.2603,                 2.1605,              0.0012379,              0.0012379,              0.0012379
                     54,                 0.9949,                 1.8468,                0.75533,                 1.0717,                0.40139,                 0.4631,                0.37049,                0.18843,                0.43233,                0.36677,                0.31932,                0.14517,                   1.93,                 3.7764,                 2.2096,                 2.0406,              0.0012297,              0.0012297,              0.0012297
                     55,                0.97579,                 1.8172,                0.74641,                 1.0696,                0.42716,                0.43344,                0.37172,                 0.1863,                0.41128,                0.41127,                0.33763,                 0.1474,                 1.9576,                 3.9585,                 2.2023,                 2.1285,              0.0012214,              0.0012214,              0.0012214
                     56,                0.97513,                 1.8208,                0.73706,                 1.0653,                 0.4903,                0.40767,                0.37142,                0.17895,                0.48575,                0.40306,                0.33494,                0.13914,                 1.9142,                 3.8624,                 2.1493,                 2.0935,              0.0012132,              0.0012132,              0.0012132
                     57,                0.98665,                 1.8473,                 0.7665,                 1.0755,                0.42072,                0.47171,                 0.3859,                0.17584,                0.39668,                0.41327,                0.31668,                0.13958,                 2.0416,                 4.3464,                  2.312,                 2.2287,              0.0012049,              0.0012049,              0.0012049
                     58,                0.97602,                 1.8489,                0.75085,                 1.0715,                0.47535,                0.37187,                0.35208,                0.18026,                0.48813,                0.37755,                0.33559,                0.14842,                  1.981,                 4.2234,                 2.2979,                 2.2884,              0.0011967,              0.0011967,              0.0011967
                     59,                0.98414,                 1.8377,                0.76373,                  1.068,                0.51865,                0.42658,                0.39262,                0.20242,                0.49183,                0.40377,                0.36354,                 0.1595,                  2.004,                 4.1127,                 2.0116,                 2.2817,              0.0011884,              0.0011884,              0.0011884
                     60,                 0.9931,                 1.8644,                0.76886,                 1.0756,                 0.5552,                 0.3503,                0.35854,                0.18135,                0.48825,                0.38776,                0.33609,                0.14611,                 1.9929,                  4.004,                  2.339,                 2.2364,              0.0011802,              0.0011802,              0.0011802
                     61,                0.97876,                 1.8274,                0.74756,                  1.066,                0.62753,                0.37871,                0.39876,                0.19539,                0.59585,                0.34002,                0.34496,                0.15354,                 1.9746,                 3.8949,                 2.3219,                 2.2072,              0.0011719,              0.0011719,              0.0011719
                     62,                0.97703,                 1.8177,                0.73868,                 1.0606,                0.50893,                0.39575,                0.37619,                0.17458,                0.55024,                0.32305,                0.31935,                0.13527,                 2.0288,                  3.959,                 2.3942,                 2.2306,              0.0011636,              0.0011636,              0.0011636
                     63,                0.97418,                 1.8352,                0.75308,                 1.0652,                0.48073,                0.47345,                0.39984,                0.19592,                0.48034,                0.44615,                0.36266,                0.15574,                 1.9706,                  4.017,                 2.1381,                 2.1453,              0.0011554,              0.0011554,              0.0011554
                     64,                0.96813,                 1.8248,                0.74434,                  1.063,                 0.4912,                0.42857,                0.38254,                0.19046,                0.42434,                 0.4077,                0.33677,                0.14991,                 1.9747,                 4.0362,                 2.1434,                 2.2528,              0.0011471,              0.0011471,              0.0011471
                     65,                0.96511,                  1.836,                0.74739,                 1.0613,                0.57048,                0.39317,                0.40022,                0.19247,                0.49685,                0.41723,                0.37297,                0.16068,                 1.9524,                 4.0326,                 2.1444,                   2.16,              0.0011389,              0.0011389,              0.0011389
                     66,                0.96531,                 1.7944,                0.73455,                 1.0573,                0.58046,                0.37987,                0.38445,                0.17316,                0.46147,                0.41848,                0.35409,                0.14132,                  2.015,                 4.0578,                 2.3189,                 2.2573,              0.0011306,              0.0011306,              0.0011306
                     67,                 0.9704,                 1.8083,                 0.7447,                 1.0641,                0.47701,                0.44636,                0.39335,                0.18827,                0.43736,                0.41248,                0.34593,                0.14902,                 1.9414,                 4.0733,                 2.2432,                 2.1305,              0.0011224,              0.0011224,              0.0011224
                     68,                0.96912,                 1.8067,                0.74316,                 1.0623,                 0.4504,                0.46614,                 0.3931,                0.19704,                0.49327,                0.39702,                0.35721,                0.15214,                  1.946,                 4.1059,                 2.1652,                  2.133,              0.0011141,              0.0011141,              0.0011141
                     69,                0.96942,                 1.8115,                0.72434,                 1.0613,                0.55858,                0.42753,                0.41375,                0.19178,                0.50342,                0.38555,                0.35186,                 0.1499,                 2.0202,                 3.9047,                 2.0949,                 2.2238,              0.0011059,              0.0011059,              0.0011059
                     70,                 0.9644,                 1.7894,                0.73515,                 1.0604,                0.48348,                0.44794,                0.39156,                0.18933,                0.46696,                0.43196,                0.36128,                0.14927,                 1.9336,                 4.1145,                  2.296,                 2.2106,              0.0010976,              0.0010976,              0.0010976
                     71,                0.97448,                 1.8121,                0.73503,                 1.0654,                0.51998,                 0.4462,                0.39083,                0.19031,                0.50074,                0.43089,                0.36023,                0.14686,                 1.9923,                 4.1336,                 2.0224,                 2.2912,              0.0010894,              0.0010894,              0.0010894
                     72,                0.93735,                  1.756,                0.70397,                 1.0447,                0.48033,                0.44925,                0.37861,                0.18988,                0.46537,                0.41995,                   0.34,                0.15256,                 1.9848,                 3.9631,                 2.2308,                 2.2365,              0.0010811,              0.0010811,              0.0010811
                     73,                0.94982,                 1.7686,                0.72211,                 1.0598,                0.47496,                0.42695,                 0.3765,                0.17748,                0.44357,                0.41061,                0.34991,                0.14652,                  2.025,                 3.8379,                 2.1203,                 2.2933,              0.0010729,              0.0010729,              0.0010729
                     74,                0.96706,                 1.8147,                0.74006,                 1.0597,                0.47644,                0.45304,                0.36564,                0.17385,                0.44509,                0.42753,                0.34264,                0.14124,                 2.0084,                 4.1631,                 2.2363,                 2.3022,              0.0010646,              0.0010646,              0.0010646
                     75,                0.94893,                 1.7663,                0.71198,                 1.0479,                0.50314,                0.42435,                0.40059,                0.19891,                0.49205,                0.40605,                0.37127,                0.16215,                 1.9737,                 3.9114,                   2.37,                 2.2736,              0.0010564,              0.0010564,              0.0010564
                     76,                0.96163,                 1.7732,                0.71767,                 1.0531,                0.50843,                0.39854,                0.37515,                 0.1871,                0.48256,                0.37697,                0.33742,                0.15248,                 1.9688,                 4.0327,                 2.2394,                  2.201,              0.0010481,              0.0010481,              0.0010481
                     77,                0.94605,                 1.7664,                0.70888,                 1.0499,                0.56865,                0.37245,                0.38862,                0.18244,                0.61014,                0.34126,                0.36282,                0.14522,                  2.025,                 3.9646,                 2.2063,                 2.2639,              0.0010399,              0.0010399,              0.0010399
                     78,                0.93655,                  1.758,                0.69427,                 1.0434,                0.55256,                0.37129,                0.37146,                0.17137,                0.48989,                0.33389,                0.30769,                0.13349,                 2.0075,                 3.9294,                 2.2375,                  2.244,              0.0010316,              0.0010316,              0.0010316
                     79,                0.93993,                 1.7652,                0.70249,                 1.0442,                0.48411,                0.43599,                0.38651,                0.19115,                0.45622,                 0.4099,                0.34197,                0.16024,                 1.9377,                 3.8243,                 2.0831,                 2.2002,              0.0010234,              0.0010234,              0.0010234
                     80,                0.93596,                 1.7546,                0.70582,                  1.052,                0.51461,                0.36262,                 0.3517,                0.17953,                0.48566,                0.36167,                0.32746,                0.14904,                 2.0048,                 4.0746,                 2.2854,                 2.3092,              0.0010151,              0.0010151,              0.0010151
                     81,                0.92555,                 1.7292,                0.69781,                 1.0417,                0.46413,                0.38793,                0.34779,                0.17513,                0.46249,                0.33884,                0.31154,                0.14036,                 2.0412,                 4.2315,                 2.1497,                 2.2768,              0.0010069,              0.0010069,              0.0010069
                     82,                0.93548,                 1.7611,                0.70818,                  1.047,                 0.5042,                0.41921,                0.37943,                0.17985,                0.48591,                 0.4013,                0.34096,                0.14284,                 2.0558,                 3.9793,                 2.3141,                 2.3209,             0.00099862,             0.00099862,             0.00099862
                     83,                0.94971,                 1.7881,                0.70866,                 1.0501,                0.52063,                0.48734,                0.42792,                0.20837,                0.49303,                 0.4695,                 0.3923,                0.16807,                  1.944,                 3.8216,                 2.0029,                 2.2315,             0.00099036,             0.00099036,             0.00099036
                     84,                0.93059,                 1.7581,                0.69034,                 1.0413,                0.51156,                0.43676,                0.39296,                0.19379,                0.44676,                0.40422,                0.33983,                0.15093,                 1.9228,                 3.9632,                 2.2466,                 2.2094,             0.00098211,             0.00098211,             0.00098211
                     85,                0.90506,                 1.7075,                0.68484,                 1.0392,                0.51412,                0.44842,                0.40133,                0.20044,                 0.4982,                 0.4233,                 0.3644,                0.15614,                  1.957,                 4.0178,                 2.2124,                 2.2462,             0.00097386,             0.00097386,             0.00097386
                     86,                0.91074,                 1.7249,                0.67764,                 1.0335,                0.44728,                0.45814,                0.39264,                0.18014,                0.44234,                0.44143,                0.36072,                 0.1511,                 1.9946,                 4.0892,                 2.2716,                    2.3,             0.00096561,             0.00096561,             0.00096561
                     87,                 0.9208,                 1.7258,                0.68922,                 1.0391,                0.54087,                0.39518,                0.37009,                0.18695,                 0.4977,                0.37419,                0.33124,                0.14942,                 1.9789,                 4.1443,                 2.2593,                 2.2862,             0.00095736,             0.00095736,             0.00095736
                     88,                0.89671,                 1.7051,                0.66602,                 1.0265,                0.50486,                0.41087,                0.37104,                0.18485,                0.43522,                0.42301,                0.34734,                 0.1456,                 1.9527,                 4.0677,                 2.0822,                 2.2598,             0.00094911,             0.00094911,             0.00094911
                     89,                0.94137,                 1.7377,                 0.6995,                 1.0437,                0.55697,                0.39065,                 0.3758,                0.17634,                  0.511,                0.37025,                 0.3261,                0.14007,                 2.0399,                 3.9056,                 2.2817,                 2.2839,             0.00094085,             0.00094085,             0.00094085
                     90,                0.92734,                 1.7299,                0.69254,                 1.0374,                0.57601,                0.38891,                0.36939,                0.18551,                0.53057,                0.35714,                0.32088,                 0.1467,                 1.9365,                 4.0893,                 2.3382,                 2.2064,              0.0009326,              0.0009326,              0.0009326
                     91,                0.91651,                 1.7376,                0.68109,                 1.0324,                 0.4474,                0.46403,                0.37808,                0.18667,                0.44748,                0.41674,                 0.3317,                0.14346,                 1.9519,                 4.0969,                 2.2006,                 2.1587,             0.00092435,             0.00092435,             0.00092435
                     92,                0.91497,                 1.7418,                0.68445,                  1.036,                0.52219,                0.43709,                 0.4024,                0.20941,                0.49131,                0.41518,                0.37186,                0.16007,                 1.9366,                 4.0457,                 2.2431,                 2.2241,              0.0009161,              0.0009161,              0.0009161
                     93,                0.91076,                 1.7153,                0.67989,                 1.0366,                 0.4948,                0.43147,                0.38908,                0.19346,                0.47644,                0.41558,                0.35132,                0.15583,                 1.9543,                 3.8815,                 2.1679,                 2.2147,             0.00090785,             0.00090785,             0.00090785
                     94,                0.88637,                 1.6701,                0.65549,                 1.0256,                0.51837,                0.41558,                 0.3939,                0.19675,                0.48365,                0.41048,                0.35817,                0.15525,                  1.957,                 4.1361,                 2.2165,                 2.2546,              0.0008996,              0.0008996,              0.0008996
                     95,                0.89042,                 1.6833,                0.66646,                 1.0299,                0.46987,                0.47577,                0.38697,                0.19535,                0.43909,                 0.4562,                0.34412,                0.15688,                 1.9187,                 4.1193,                 2.3021,                 2.2375,             0.00089134,             0.00089134,             0.00089134
                     96,                 0.8848,                 1.6877,                0.65503,                 1.0239,                0.46226,                0.41813,                0.39474,                0.19761,                0.44162,                0.39804,                0.35549,                0.15312,                 1.9427,                 4.1746,                 2.2621,                 2.2686,             0.00088309,             0.00088309,             0.00088309
                     97,                0.90104,                 1.6937,                0.65903,                 1.0241,                0.51901,                0.43198,                0.39444,                0.19748,                0.48475,                0.39854,                0.35483,                0.15516,                 1.9203,                 4.1155,                 2.1556,                 2.2218,             0.00087484,             0.00087484,             0.00087484
                     98,                0.89857,                  1.695,                  0.669,                 1.0272,                0.54806,                0.40235,                0.39635,                  0.198,                0.52623,                0.38755,                0.35077,                 0.1513,                 1.9647,                 4.0169,                  2.109,                 2.2787,             0.00086659,             0.00086659,             0.00086659
                     99,                0.88988,                  1.668,                0.65481,                 1.0255,                0.49896,                0.43773,                0.37671,                 0.1818,                0.48489,                0.42753,                0.35079,                0.15004,                 2.0394,                 4.2586,                 2.1888,                 2.3955,             0.00085834,             0.00085834,             0.00085834
                    100,                0.88529,                 1.6535,                0.64536,                 1.0203,                 0.5358,                0.42011,                 0.4052,                0.19322,                0.49743,                0.40668,                0.35489,                0.15504,                 1.9141,                 4.1295,                 2.1096,                 2.2466,             0.00085009,             0.00085009,             0.00085009
                    101,                0.88219,                 1.6692,                0.65914,                  1.022,                0.49408,                0.44678,                0.40637,                0.20374,                 0.4557,                0.42579,                0.36204,                0.16074,                 1.9445,                 3.9572,                 2.1028,                 2.2095,             0.00084184,             0.00084184,             0.00084184
                    102,                0.88511,                 1.6635,                0.65027,                 1.0217,                0.52963,                0.38323,                0.35878,                0.17771,                0.51779,                0.36735,                0.32555,                0.14026,                 1.9697,                 4.2042,                 2.3662,                 2.3123,             0.00083358,             0.00083358,             0.00083358
                    103,                 0.8605,                 1.6473,                0.63611,                 1.0155,                0.54952,                0.35993,                0.36345,                0.19423,                0.53166,                0.34972,                0.33661,                0.15388,                 1.9973,                 4.2074,                   2.23,                 2.3481,             0.00082533,             0.00082533,             0.00082533
                    104,                0.89121,                 1.6715,                0.65484,                 1.0185,                0.50051,                0.43429,                0.38434,                0.19976,                0.47054,                 0.4075,                0.35657,                0.15871,                 2.0012,                 4.1454,                 2.2651,                 2.3333,             0.00081708,             0.00081708,             0.00081708
                    105,                0.86432,                 1.6365,                0.63584,                 1.0111,                0.56615,                0.42127,                 0.4064,                0.19773,                0.53559,                0.40086,                0.36429,                0.15554,                 1.9538,                 3.9896,                 2.0813,                 2.3038,             0.00080883,             0.00080883,             0.00080883
                    106,                 0.8946,                 1.6765,                0.66223,                 1.0225,                0.45538,                0.46498,                0.39761,                0.18795,                0.39627,                0.42185,                0.35473,                0.15061,                 2.0139,                 4.1121,                 2.2062,                 2.4002,             0.00080058,             0.00080058,             0.00080058
                    107,                0.87334,                 1.6457,                 0.6411,                 1.0124,                0.44655,                 0.4695,                0.39209,                0.19398,                0.44003,                0.45929,                0.35948,                0.15617,                 1.9353,                 4.2706,                 2.1358,                 2.3097,             0.00079233,             0.00079233,             0.00079233
                    108,                0.87706,                 1.6695,                0.64298,                 1.0159,                0.47376,                0.41996,                 0.3753,                 0.1809,                 0.4384,                0.37697,                0.31993,                0.14213,                  2.042,                 4.2055,                 2.3658,                 2.3615,             0.00078407,             0.00078407,             0.00078407
                    109,                0.85101,                 1.6439,                0.62621,                 1.0158,                0.58887,                0.38984,                 0.3948,                0.19369,                0.55603,                0.36951,                0.35432,                0.15569,                 1.9781,                 4.2952,                 2.3216,                 2.3868,             0.00077582,             0.00077582,             0.00077582
                    110,                0.86657,                 1.6436,                0.64172,                 1.0201,                 0.5195,                0.43063,                0.36964,                0.18249,                0.48995,                0.41104,                0.33301,                0.14054,                  1.933,                 4.1421,                 2.2767,                 2.2793,             0.00076757,             0.00076757,             0.00076757
                    111,                0.85985,                 1.6206,                0.62041,                 1.0095,                0.47077,                0.42358,                0.36223,                0.17133,                0.46456,                0.38265,                0.30414,                0.13456,                 2.0233,                 4.2347,                 2.2411,                 2.4065,             0.00075932,             0.00075932,             0.00075932
                    112,                0.86445,                  1.629,                0.63028,                 1.0166,                 0.4805,                0.38059,                0.37022,                0.17602,                0.46625,                0.36851,                0.32987,                0.14142,                 1.9603,                 4.2544,                 2.4229,                 2.2828,             0.00075107,             0.00075107,             0.00075107
                    113,                 0.8893,                 1.6611,                0.64483,                 1.0176,                0.51356,                0.39327,                0.35938,                0.17887,                0.49625,                 0.3645,                0.31275,                0.13779,                 2.0133,                 4.2489,                 2.2549,                 2.3194,             0.00074282,             0.00074282,             0.00074282
                    114,                0.86701,                 1.6487,                0.63621,                 1.0146,                0.56286,                0.41787,                0.40327,                0.19608,                0.44785,                0.44371,                0.35025,                0.14791,                 1.9785,                 4.2548,                 2.2779,                 2.3421,             0.00073456,             0.00073456,             0.00073456
                    115,                0.84682,                 1.6157,                0.61588,                 1.0018,                0.49471,                0.44678,                0.40562,                0.19669,                0.46851,                0.43147,                0.36218,                0.15663,                 1.9703,                 4.2484,                 2.2835,                 2.2807,             0.00072631,             0.00072631,             0.00072631
                    116,                0.86212,                 1.6379,                0.63743,                 1.0093,                0.49154,                0.45756,                0.38697,                 0.1838,                0.48202,                0.42973,                0.34922,                0.14947,                  2.048,                 4.1799,                 2.1427,                 2.3915,             0.00071806,             0.00071806,             0.00071806
                    117,                0.86341,                 1.6533,                0.64154,                 1.0182,                0.54025,                0.41164,                0.39525,                0.19512,                0.50761,                0.39065,                0.34716,                0.14827,                 1.9769,                 4.3805,                 2.2177,                 2.3631,             0.00070981,             0.00070981,             0.00070981
                    118,                0.85047,                 1.6181,                0.62082,                  1.004,                 0.5035,                0.46324,                0.40146,                0.19466,                0.50797,                0.40642,                0.35923,                0.15208,                 1.9658,                 4.2331,                 2.0507,                 2.2658,             0.00070156,             0.00070156,             0.00070156
                    119,                0.86273,                  1.618,                0.63011,                 1.0111,                0.48547,                0.46834,                0.39237,                0.20094,                0.47975,                0.45295,                0.35612,                0.15429,                 1.9548,                 4.3218,                 2.0994,                 2.2929,             0.00069331,             0.00069331,             0.00069331
                    120,                 0.8671,                 1.6376,                0.63478,                 1.0091,                0.48374,                0.42243,                0.38279,                 0.1906,                0.46524,                0.39576,                0.34693,                0.15095,                 1.9366,                 4.3842,                 2.3986,                 2.2781,             0.00068505,             0.00068505,             0.00068505
                    121,                0.86148,                 1.6115,                0.62625,                 1.0012,                0.55766,                 0.3917,                0.38324,                0.18241,                0.54676,                0.38776,                0.35116,                0.14722,                 2.0454,                 4.4414,                  2.313,                 2.3414,              0.0006768,              0.0006768,              0.0006768
                    122,                0.86548,                 1.6442,                0.63141,                 1.0056,                0.48523,                0.49617,                0.41175,                0.19858,                0.56864,                 0.3946,                0.36465,                0.15533,                 1.9675,                 4.2976,                 2.1305,                 2.3339,             0.00066855,             0.00066855,             0.00066855
                    123,                0.85099,                  1.608,                0.62198,                 1.0048,                0.63836,                0.39096,                0.39315,                0.18833,                0.61967,                0.38018,                0.35482,                0.14647,                 1.9802,                 4.3794,                 2.1477,                 2.2789,              0.0006603,              0.0006603,              0.0006603
                    124,                0.84085,                 1.6052,                0.62277,                 1.0086,                0.51469,                0.44761,                0.40194,                0.21489,                0.48319,                0.42131,                0.36007,                0.16166,                 1.9666,                 4.5065,                 2.1197,                 2.2876,             0.00065205,             0.00065205,             0.00065205
                    125,                0.83654,                 1.5877,                0.61539,                0.99888,                0.48481,                0.44852,                0.38391,                0.19513,                0.47338,                0.43831,                0.35785,                0.15285,                      2,                 4.2318,                 2.2702,                 2.3409,              0.0006438,              0.0006438,              0.0006438
                    126,                 0.8349,                 1.5822,                0.60945,                 1.0013,                0.53588,                0.42146,                0.38159,                0.18234,                0.51638,                0.40418,                0.34516,                0.14717,                 2.0075,                 4.2461,                 2.1997,                 2.3752,             0.00063554,             0.00063554,             0.00063554
                    127,                0.84039,                  1.605,                0.61782,                 1.0046,                   0.51,                0.45988,                0.38755,                0.18888,                0.47381,                0.42811,                0.34956,                 0.1497,                 1.9459,                 4.1787,                 2.2014,                 2.2806,             0.00062729,             0.00062729,             0.00062729
                    128,                0.82694,                 1.5766,                0.59756,                0.99658,                0.52686,                0.44794,                0.39945,                0.19586,                0.49041,                0.42185,                0.36387,                0.15752,                 1.9458,                 4.3048,                 2.1967,                 2.2694,             0.00061904,             0.00061904,             0.00061904
                    129,                0.83892,                 1.5799,                0.60785,                 1.0029,                0.53017,                0.43147,                0.37927,                0.18381,                0.47947,                 0.4161,                0.35138,                 0.1537,                 1.9985,                 4.2709,                 2.3945,                 2.3505,             0.00061079,             0.00061079,             0.00061079
                    130,                0.82282,                 1.5934,                 0.5999,                0.99275,                0.49295,                0.42925,                0.38885,                0.19504,                0.51547,                0.37245,                0.35865,                0.15773,                 1.9481,                  4.196,                 2.3848,                 2.2787,             0.00060254,             0.00060254,             0.00060254
                    131,                0.83214,                 1.5963,                0.60345,                 1.0012,                0.57547,                0.38439,                0.40453,                0.20167,                0.52917,                0.35772,                 0.3439,                0.15682,                 1.9057,                 4.3053,                 2.2899,                 2.2803,             0.00059429,             0.00059429,             0.00059429
                    132,                0.81688,                 1.5506,                0.59108,                0.98999,                0.51883,                0.45529,                0.40335,                0.20154,                0.57107,                0.38949,                0.35369,                0.15799,                 1.9757,                 4.2466,                 2.2654,                 2.3459,             0.00058603,             0.00058603,             0.00058603
                    133,                0.81566,                 1.5673,                0.59484,                0.99476,                0.59968,                0.38891,                0.38964,                0.19622,                 0.5637,                0.37375,                0.35631,                0.15637,                 1.9408,                 4.2957,                 2.3262,                  2.317,             0.00057778,             0.00057778,             0.00057778
                    134,                0.82138,                 1.5671,                0.59463,                0.99757,                 0.5126,                0.42538,                0.39781,                0.19546,                0.52375,                0.38439,                0.36859,                0.15558,                  1.959,                 4.3643,                 2.2747,                 2.2856,             0.00056953,             0.00056953,             0.00056953
                    135,                0.82957,                 1.5831,                0.59628,                0.99737,                0.49515,                0.42185,                0.39807,                0.19666,                0.42575,                0.42695,                0.35049,                0.15654,                 1.9504,                 4.3543,                  2.317,                 2.2888,             0.00056128,             0.00056128,             0.00056128
                    136,                0.81061,                 1.5705,                0.59125,                0.99316,                0.48798,                0.46506,                0.39554,                 0.1914,                0.56596,                0.36034,                 0.3503,                0.15279,                 1.9695,                 4.3568,                   2.24,                 2.3352,             0.00055303,             0.00055303,             0.00055303
                    137,                0.80506,                 1.5524,                0.58393,                0.98917,                 0.6204,                0.39164,                0.38487,                0.19607,                0.60256,                0.38086,                0.35475,                0.15119,                 2.0014,                 4.3542,                 2.1747,                 2.4166,             0.00054478,             0.00054478,             0.00054478
                    138,                0.82941,                 1.5604,                 0.5998,                0.99628,                0.52856,                0.42695,                0.39005,                0.19346,                0.49877,                0.40028,                0.35329,                0.15477,                 2.0021,                 4.3923,                 2.3272,                 2.3935,             0.00053652,             0.00053652,             0.00053652
                    139,                0.83479,                 1.5881,                0.60875,                 1.0002,                0.55753,                0.39453,                0.37994,                0.18222,                0.54822,                0.38954,                0.35449,                0.15126,                 1.9844,                 4.4406,                 2.1844,                 2.3575,             0.00052827,             0.00052827,             0.00052827
                    140,                0.81711,                 1.5635,                0.59204,                0.98983,                0.48477,                0.44399,                0.39659,                0.19271,                0.47337,                0.42869,                0.36023,                0.15529,                 1.9605,                  4.426,                 2.1585,                 2.3459,             0.00052002,             0.00052002,             0.00052002
                    141,                0.82099,                 1.5564,                0.59378,                0.99259,                0.64084,                0.39946,                0.39869,                0.20568,                0.63019,                0.39436,                0.38049,                0.15634,                 1.9484,                 4.4074,                 2.1937,                 2.2907,             0.00051177,             0.00051177,             0.00051177
                    142,                0.81107,                 1.5565,                0.58462,                0.99252,                0.49027,                0.45301,                0.40254,                0.20086,                 0.4626,                0.42243,                0.34836,                0.15389,                 1.9567,                 4.4554,                 2.1406,                 2.3056,             0.00050352,             0.00050352,             0.00050352
                    143,                0.80396,                 1.5405,                0.58311,                0.98801,                0.53849,                0.43205,                0.39793,                0.19337,                0.53025,                0.42695,                0.37427,                0.15147,                 1.9547,                  4.396,                 2.2036,                 2.2997,             0.00049527,             0.00049527,             0.00049527
                    144,                0.82457,                 1.5695,                0.59166,                0.98943,                 0.5494,                0.40889,                 0.4015,                0.19559,                0.52048,                0.38825,                0.35694,                0.15475,                  1.958,                 4.4032,                 2.2831,                 2.3286,             0.00048701,             0.00048701,             0.00048701
                    145,                  0.799,                  1.536,                0.57722,                0.98544,                0.59309,                0.38198,                0.40563,                0.19277,                0.48616,                0.40244,                0.35833,                0.15904,                 1.9923,                 4.3557,                 2.2705,                 2.3548,             0.00047876,             0.00047876,             0.00047876
                    146,                0.79899,                 1.5321,                0.57427,                 0.9788,                0.52104,                0.41234,                0.39552,                0.19333,                0.47731,                0.39402,                0.33491,                0.15408,                 2.0101,                 4.3277,                 2.2801,                 2.4051,             0.00047051,             0.00047051,             0.00047051
                    147,                  0.788,                 1.5198,                0.56851,                0.98529,                0.52713,                0.40422,                0.39688,                0.19284,                0.50449,                0.38891,                0.35515,                0.15337,                 1.9663,                 4.3514,                 2.3216,                 2.3357,             0.00046226,             0.00046226,             0.00046226
                    148,                0.79653,                 1.5234,                0.57324,                0.98118,                0.49119,                0.43979,                0.39208,                0.19743,                0.49832,                 0.4158,                0.35444,                0.15475,                 1.9889,                 4.4117,                 2.3946,                  2.357,             0.00045401,             0.00045401,             0.00045401
                    149,                0.79886,                  1.542,                 0.5764,                0.98566,                0.50393,                0.48886,                0.39823,                 0.1987,                0.48311,                0.44965,                 0.3514,                0.15315,                 1.9591,                 4.3935,                 2.2629,                 2.3432,             0.00044576,             0.00044576,             0.00044576
                    150,                0.79079,                 1.5137,                0.57672,                0.98518,                0.48452,                0.49049,                0.40865,                0.20447,                 0.4735,                0.45985,                0.35803,                0.15621,                 1.9473,                 4.4743,                 2.2245,                 2.2957,              0.0004375,              0.0004375,              0.0004375
                    151,                0.79265,                  1.517,                0.57292,                0.98657,                0.52253,                0.47008,                0.41374,                 0.1986,                0.49877,                0.42695,                 0.3606,                0.15395,                 2.0184,                   4.44,                 2.1777,                 2.3778,             0.00042925,             0.00042925,             0.00042925
                    152,                0.79053,                 1.5177,                0.57057,                0.97962,                0.49876,                0.45804,                 0.4023,                0.20002,                0.46305,                0.42753,                0.35483,                 0.1544,                  1.981,                 4.4243,                 2.2149,                  2.293,               0.000421,               0.000421,               0.000421
                    153,                0.78584,                 1.5163,                0.57251,                0.98233,                 0.5557,                0.46337,                0.40007,                0.20025,                0.53626,                0.44849,                0.36646,                0.16089,                 2.0012,                 4.4488,                 2.2815,                  2.353,             0.00041275,             0.00041275,             0.00041275
                    154,                0.80089,                 1.5417,                0.57452,                0.98267,                0.49373,                0.47971,                0.39333,                0.18619,                0.53261,                0.41558,                0.35456,                0.14837,                  2.071,                 4.4628,                 2.2553,                 2.4735,              0.0004045,              0.0004045,              0.0004045
                    155,                 0.7708,                 1.4938,                0.55919,                 0.9814,                0.54387,                0.44736,                0.39885,                0.19295,                0.52549,                0.42072,                0.35973,                0.15266,                 1.9608,                  4.418,                 2.2691,                 2.3489,             0.00039625,             0.00039625,             0.00039625
                    156,                0.79226,                 1.5069,                0.56955,                0.98055,                0.53015,                0.43147,                0.39803,                0.19039,                0.54794,                0.39402,                0.35026,                0.14523,                 1.9318,                  4.448,                  2.182,                 2.3122,             0.00038799,             0.00038799,             0.00038799
                    157,                 0.7764,                 1.5048,                0.55965,                0.97801,                0.54254,                0.44666,                0.39791,                0.18997,                0.51491,                0.42633,                0.35496,                0.14699,                 2.0155,                 4.4892,                 2.2143,                 2.4113,             0.00037974,             0.00037974,             0.00037974
                    158,                0.78483,                 1.5261,                0.57054,                0.98156,                0.61889,                0.38833,                0.39259,                0.18561,                0.59014,                0.37245,                0.34015,                0.14988,                 1.9905,                 4.4596,                 2.2945,                 2.3691,             0.00037149,             0.00037149,             0.00037149
                    159,                 0.7773,                 1.4913,                0.55242,                0.97281,                0.52372,                0.45428,                0.40758,                0.19871,                0.49862,                0.38435,                0.33838,                0.15905,                 1.9906,                 4.4016,                 2.2484,                 2.3624,             0.00036324,             0.00036324,             0.00036324
                    160,                0.78098,                 1.4994,                0.56209,                0.97361,                0.49014,                0.44943,                 0.4015,                0.19781,                0.45735,                0.41616,                 0.3472,                0.15834,                 1.9659,                 4.5377,                  2.317,                 2.3269,             0.00035499,             0.00035499,             0.00035499
                    161,                0.79231,                 1.5076,                0.56268,                0.97175,                0.49371,                0.45246,                0.39301,                0.19396,                0.47831,                0.44225,                0.35569,                0.15182,                 1.9846,                 4.5476,                 2.2948,                 2.4305,             0.00034674,             0.00034674,             0.00034674
                    162,                0.76766,                 1.4749,                0.55217,                0.97296,                0.53911,                 0.4304,                0.39797,                0.19359,                 0.5322,                0.39986,                0.35458,                0.15423,                 1.9958,                 4.5168,                 2.2415,                 2.4561,             0.00033848,             0.00033848,             0.00033848
                    163,                 0.7912,                 1.5092,                0.56823,                0.97616,                0.52541,                0.45188,                0.39984,                0.19029,                0.50554,                0.43657,                0.36657,                0.15578,                 2.0057,                 4.5058,                 2.2674,                 2.4646,             0.00033023,             0.00033023,             0.00033023
                    164,                0.76584,                 1.4677,                0.54448,                0.96722,                0.48633,                0.45858,                0.39979,                0.19699,                0.47414,                0.46046,                0.37188,                0.15512,                 2.0062,                 4.4756,                 2.2126,                  2.457,             0.00032198,             0.00032198,             0.00032198
                    165,                0.76793,                 1.4933,                0.54943,                0.97377,                0.51453,                 0.4662,                0.40812,                0.19508,                0.49827,                0.45362,                0.36054,                0.15626,                 2.0011,                 4.4236,                 2.2339,                  2.419,             0.00031373,             0.00031373,             0.00031373
                    166,                0.77367,                 1.4982,                0.55366,                0.97358,                0.54194,                0.43817,                0.39961,                0.19082,                0.52249,                 0.4242,                0.35582,                0.14985,                 2.0152,                 4.3928,                 2.3116,                  2.434,             0.00030548,             0.00030548,             0.00030548
                    167,                0.76765,                 1.4681,                0.55054,                0.97197,                0.56813,                0.39214,                0.39424,                0.19037,                0.54352,                0.37713,                 0.3525,                0.15205,                 1.9838,                 4.5427,                 2.3159,                 2.4299,             0.00029723,             0.00029723,             0.00029723
                    168,                0.76269,                  1.483,                0.54511,                 0.9681,                0.49497,                0.47389,                0.40074,                0.19294,                0.46365,                0.44245,                0.35422,                0.15263,                 2.0256,                 4.7065,                 2.2502,                  2.532,             0.00028897,             0.00028897,             0.00028897
                    169,                0.76116,                 1.4833,                0.54302,                0.96979,                0.52866,                0.45568,                0.39255,                0.18855,                0.49917,                0.42873,                0.34708,                0.15027,                 2.0185,                 4.6174,                 2.1945,                 2.4834,             0.00028072,             0.00028072,             0.00028072
                    170,                0.76912,                 1.4834,                0.55128,                0.96858,                0.53486,                0.43471,                0.40026,                0.19214,                0.50784,                0.41326,                0.34783,                0.15196,                 1.9997,                 4.5769,                 2.2308,                 2.4552,             0.00027247,             0.00027247,             0.00027247
                    171,                0.75956,                 1.4833,                0.55068,                0.97233,                 0.5427,                0.40932,                0.40327,                0.19642,                0.56829,                0.37813,                0.36693,                0.15642,                 1.9952,                 4.5149,                 2.3331,                 2.4226,             0.00026422,             0.00026422,             0.00026422
                    172,                   0.76,                 1.4821,                0.54614,                0.96604,                0.52551,                0.45872,                0.40258,                0.19824,                0.49477,                0.43321,                0.35064,                0.15732,                  1.982,                 4.5137,                 2.3257,                  2.423,             0.00025597,             0.00025597,             0.00025597
                    173,                0.73346,                 1.4274,                 0.5276,                0.96109,                0.59419,                0.39728,                0.39035,                0.19415,                0.57675,                0.38721,                0.36195,                0.15638,                 1.9762,                 4.5578,                 2.3269,                 2.4446,             0.00024772,             0.00024772,             0.00024772
                    174,                0.75181,                 1.4469,                0.53791,                0.96889,                0.53084,                0.44167,                0.40506,                0.19931,                0.50031,                0.41616,                0.35639,                0.15538,                 1.9671,                 4.5596,                 2.2695,                 2.4405,             0.00023946,             0.00023946,             0.00023946
                    175,                0.75419,                 1.4671,                0.54362,                0.96806,                0.57637,                0.40364,                0.40578,                0.20227,                0.56069,                0.39344,                0.37523,                0.15821,                 1.9511,                 4.6076,                 2.2873,                 2.4186,             0.00023121,             0.00023121,             0.00023121
                    176,                0.75995,                 1.4672,                0.54689,                0.96827,                0.55921,                0.41498,                0.40646,                0.19588,                0.52154,                0.39007,                0.35159,                0.15054,                 1.9601,                 4.6263,                 2.2492,                 2.3862,             0.00022296,             0.00022296,             0.00022296
                    177,                0.74487,                 1.4593,                0.54284,                0.96618,                0.53428,                 0.4359,                0.40759,                0.19623,                0.50774,                0.41315,                0.36663,                0.15207,                 2.0143,                 4.6411,                 2.3018,                 2.4961,             0.00021471,             0.00021471,             0.00021471
                    178,                0.75358,                 1.4648,                0.54588,                0.96885,                0.51035,                0.44557,                0.40223,                0.19428,                0.49341,                0.42931,                 0.3557,                0.15258,                 1.9788,                 4.6377,                 2.3144,                  2.455,             0.00020646,             0.00020646,             0.00020646
                    179,                0.75312,                  1.457,                0.53859,                0.96516,                0.56443,                0.43041,                0.39964,                0.19513,                0.54315,                0.41558,                0.36197,                0.15612,                 1.9747,                 4.5896,                 2.2972,                 2.4437,             0.00019821,             0.00019821,             0.00019821
                    180,                0.73814,                 1.4433,                0.53194,                0.96666,                0.53575,                 0.4304,                0.39878,                 0.1899,                0.51602,                0.41438,                0.35964,                0.15377,                 2.0083,                  4.568,                 2.3345,                 2.4664,             0.00018995,             0.00018995,             0.00018995
                    181,                0.74669,                  1.439,                0.52914,                0.96071,                0.56154,                 0.4099,                0.40452,                 0.1914,                 0.4897,                0.41113,                0.36629,                0.15752,                 1.9835,                 4.5621,                 2.3084,                 2.4505,              0.0001817,              0.0001817,              0.0001817
                    182,                0.74805,                 1.4453,                0.52919,                0.95902,                 0.5374,                0.44603,                0.40305,                0.19303,                0.50468,                0.42111,                0.36061,                0.15916,                 1.9823,                 4.5769,                 2.3185,                 2.4589,             0.00017345,             0.00017345,             0.00017345
                    183,                0.73902,                 1.4368,                0.53173,                 0.9642,                0.49764,                0.45274,                0.39171,                0.19495,                0.48099,                0.43787,                0.35967,                0.15882,                 1.9841,                 4.6218,                 2.2925,                 2.4852,              0.0001652,              0.0001652,              0.0001652
                    184,                0.75248,                 1.4524,                0.53616,                0.96724,                0.49751,                0.45246,                0.38936,                 0.1908,                0.48127,                0.43715,                0.35444,                0.15357,                 1.9843,                 4.6114,                 2.3158,                 2.4819,             0.00015695,             0.00015695,             0.00015695
                    185,                0.74157,                 1.4371,                0.52693,                0.96172,                0.50224,                0.43031,                0.38726,                0.18951,                0.48556,                0.42102,                0.35678,                0.15133,                 1.9809,                 4.6078,                 2.4033,                 2.4871,              0.0001487,              0.0001487,              0.0001487
                    186,                0.72828,                 1.4218,                0.51845,                0.95885,                0.52391,                0.43263,                0.39588,                0.19352,                0.49193,                0.41164,                0.35753,                 0.1535,                 1.9832,                 4.6388,                 2.3613,                 2.4855,             0.00014044,             0.00014044,             0.00014044
                    187,                0.74657,                 1.4414,                0.53097,                0.95964,                 0.5502,                0.41558,                0.39449,                0.19352,                0.52088,                 0.3946,                0.35791,                0.15245,                 2.0195,                 4.6513,                 2.3669,                  2.528,             0.00013219,             0.00013219,             0.00013219
                    188,                0.72902,                 1.4375,                0.51962,                0.95627,                0.55174,                 0.4099,                0.39367,                0.19603,                0.52858,                 0.3946,                 0.3601,                0.15648,                 1.9755,                 4.6241,                 2.3819,                 2.4506,             0.00012394,             0.00012394,             0.00012394
                    189,                0.71805,                  1.434,                0.51913,                 0.9602,                 0.5209,                0.42011,                0.40329,                0.19892,                0.50079,                 0.4048,                0.36697,                0.15696,                 1.9726,                  4.614,                 2.4358,                 2.4388,             0.00011569,             0.00011569,             0.00011569
                    190,                0.72219,                 1.4215,                0.51721,                0.95883,                0.50698,                 0.4371,                0.40472,                0.20059,                 0.4879,                0.42206,                0.36793,                 0.1576,                 1.9813,                 4.6137,                 2.3892,                 2.4638,             0.00010744,             0.00010744,             0.00010744
                    191,                0.69149,                   1.33,                  0.469,                0.94407,                0.52194,                0.41956,                0.39328,                0.19178,                0.50738,                0.40999,                0.35862,                0.15405,                 1.9792,                 4.6513,                 2.3532,                 2.4527,             9.9187e-05,             9.9187e-05,             9.9187e-05
                    192,                0.65483,                 1.2709,                0.43344,                0.92469,                0.46482,                0.43263,                0.38845,                0.18603,                0.57265,                 0.3583,                0.35295,                0.15146,                 1.9741,                 4.6827,                 2.3083,                 2.4707,             9.0935e-05,             9.0935e-05,             9.0935e-05
                    193,                0.63066,                 1.2345,                0.42244,                0.91246,                0.46008,                0.45911,                0.38348,                0.19128,                0.56671,                0.35888,                0.35123,                0.14704,                  1.956,                 4.6585,                 2.2932,                 2.4557,             8.2683e-05,             8.2683e-05,             8.2683e-05
                    194,                0.63097,                 1.2306,                0.41905,                0.91162,                 0.4609,                0.43869,                 0.3809,                0.19142,                0.47055,                 0.4179,                0.34936,                 0.1473,                 1.9489,                 4.6193,                 2.3206,                  2.462,             7.4432e-05,             7.4432e-05,             7.4432e-05
                    195,                0.62216,                 1.2337,                0.41839,                0.91366,                0.47736,                0.44341,                0.38645,                0.19302,                 0.4651,                 0.4179,                0.34446,                0.14872,                 1.9366,                 4.6474,                 2.3331,                 2.4714,              6.618e-05,              6.618e-05,              6.618e-05
                    196,                0.61897,                 1.2209,                0.41131,                0.91076,                0.46643,                 0.4593,                0.38899,                 0.1966,                0.46114,                0.42301,                  0.352,                0.15263,                  1.931,                 4.6594,                 2.2935,                 2.4666,             5.7928e-05,             5.7928e-05,             5.7928e-05
                    197,                0.61599,                 1.1989,                0.41053,                0.90981,                0.48125,                0.44341,                0.39317,                0.19729,                0.47469,                0.42811,                0.35186,                0.15327,                 1.9307,                 4.7153,                 2.3189,                  2.434,             4.9677e-05,             4.9677e-05,             4.9677e-05
                    198,                0.61673,                 1.2163,                0.41244,                 0.9097,                0.48356,                0.44794,                0.39178,                 0.1978,                0.46115,                0.42128,                0.35124,                0.15374,                  1.925,                 4.6967,                 2.3327,                  2.426,             4.1425e-05,             4.1425e-05,             4.1425e-05
                    199,                0.61549,                 1.2141,                0.40985,                0.90948,                0.48814,                0.45941,                0.39659,                0.19876,                0.46727,                0.42243,                0.35305,                0.15368,                 1.9355,                 4.6745,                 2.3331,                 2.4364,             3.3173e-05,             3.3173e-05,             3.3173e-05
                    200,                0.61246,                  1.203,                0.40718,                0.91011,                0.48534,                0.46193,                0.39748,                0.19839,                0.45294,                0.42855,                0.35518,                  0.153,                 1.9342,                 4.6833,                 2.3312,                 2.4396,             2.4922e-05,             2.4922e-05,             2.4922e-05
